[
  {
    "enable": true,
    "data": "2023-03-01",
    "author": "zyh",
    "type": 2,
    "c2Flag": 0,
    "c2Name": "C2_None",
    "judge": [
      {
        "statusCode": 404,
        "responseStatus": "",
        "protocolName": "",
        "contentLength": [
          0
        ],
        "respHeader": {
          "Content-Type": "text/plain",
          "Server": "Microsoft-IIS/10.0"
        },
        "respBodySHA256": [],
        "respHeaderLen": "",
        "ResponseTitle": "",
        "respBodyText": "",
        "Tls": {}
      },
      {
        "statusCode": 404,
        "responseStatus": "",
        "protocolName": "",
        "contentLength": [
          0
        ],
        "respHeader": {
          "Content-Type": "text/plain",
          "Server": "Apache"
        },
        "respBodySHA256": [],
        "respHeaderLen": "",
        "ResponseTitle": "",
        "respBodyText": "",
        "Tls": {}
      }
    ],
    "deep": {
      "c2Flag": 0,
      "c2Name": "C2_None",
      "checkBeacon": {},
      "RequestMethod": "GET",
      "checkType": 1,
      "finally": {
        "c2Flag": 23,
        "c2Name": "C2_CS_IOC_2",
        "checkTls": {},
        "check": {
          "Url": [
            "jquery-3.3.1.min.js"
          ],
          "Key": [],
          "ReqHeader": {
            "User-Agent": "Mozilla/5.0 (Windows NT 6.1; WOW64; Trident/7.0; rv:11.0) like Gecko"
          },
          "ReqBody": "",
          "RespProtocol": "",
          "RespHeader": {
            "Cache-Control": "max-age=0, no-cache",
            "Connection": "keep-alive",
            "Content-Length": "5543",
            "Content-Type": "application/javascript; charset=utf-8",
            "Keep-Alive": "timeout=10, max=100",
            "Pragma": "no-cache",
            "Server": "NetDNA-cache/2.2"
          },
          "RespBody": "",
          "RespBodyPattern": "",
          "HeaderLen": "",
          "StatusCode": 200
        }
      }
    }
  },
  {
    "enable": true,
    "data": "2023-03-01",
    "author": "zyh",
    "type": 2,
    "c2Flag": 0,
    "c2Name": "C2_None",
    "judge": [
      {
        "statusCode": 404,
        "responseStatus": "",
        "protocolName": "",
        "contentLength": [
          0
        ],
        "respHeader": {
          "Content-Type": "text/plain",
          "Server": "Microsoft-IIS/10.0"
        },
        "respBodySHA256": [],
        "respHeaderLen": "",
        "ResponseTitle": "",
        "respBodyText": "",
        "Tls": {}
      },
      {
        "statusCode": 404,
        "responseStatus": "",
        "protocolName": "",
        "contentLength": [
          0
        ],
        "respHeader": {
          "Content-Type": "text/plain",
          "Server": "Apache"
        },
        "respBodySHA256": [],
        "respHeaderLen": "",
        "ResponseTitle": "",
        "respBodyText": "",
        "Tls": {}
      }
    ],
    "deep": {
      "c2Flag": 0,
      "c2Name": "C2_None",
      "checkBeacon": {},
      "RequestMethod": "GET",
      "checkType": 1,
      "finally": {
        "c2Flag": 22,
        "c2Name": "C2_CS_IOC_1",
        "checkTls": {},
        "check": {
          "Url": [
            "Del/lockout/Q56SZ0MJI3"
          ],
          "Key": [],
          "ReqHeader": {
            "User-Agent": "Mozilla/5.0 (Windows NT 6.1; WOW64; Trident/7.0; rv:11.0) like Gecko"
          },
          "ReqBody": "",
          "RespProtocol": "",
          "RespHeader": {
            "Cache-Control": "max-age=0, no-cache",
            "Connection": "keep-alive",
            "Content-Length": "2119",
            "Content-Type": "plain/text; charset=utf-8",
            "Keep-Alive": "timeout=10, max=100",
            "Pragma": "no-cache",
            "Server": "nginx"
          },
          "RespBody": "",
          "RespBodyPattern": "",
          "HeaderLen": "",
          "StatusCode": 200
        }
      }
    }
  },
  {
    "enable": true,
    "data": "2023-03-01",
    "author": "zyh",
    "type": 1,
    "c2Flag": 0,
    "c2Name": "C2_None",
    "judge": [
      {
        "statusCode": 302,
        "responseStatus": "",
        "protocolName": "",
        "contentLength": [
          0
        ],
        "respHeader": {
          "Content-Type": "text/html; charset=UTF-8",
          "Location": "/index.php/s/dashboard",
          "Server": "nginx",
          "Set-Cookie": "!="
        },
        "respBodySHA256": [],
        "respHeaderLen": "",
        "ResponseTitle": "",
        "respBodyText": "",
        "Tls": {}
      }
    ],
    "deep": {
      "c2Flag": 0,
      "c2Name": "C2_None",
      "checkBeacon": {},
      "RequestMethod": "POST",
      "checkType": 2,
      "finally": {
        "c2Flag": 304,
        "c2Name": "C2_PATCHWORK_202209",
        "checkTls": {},
        "check": {
          "Url": [
            "e3e7e71a0b28b5e96cc492e636722f73/4sVKAOvu3D/BDyot0NxyG.php"
          ],
          "Key": [],
          "ReqHeader": {
            "Accept": "application/x-www-form-urlencoded",
            "Cache-Control": "no-cache",
            "Content-Length": "202",
            "Content-Type": "application/x-www-form-urlencoded",
            "User-Agent": "Mozilla/5.0 (Windows NT 6.1; WOW64; rv:44.0) Gecko/20100101 "
          },
          "ReqBody": "/sQ=YLaCTHRnqx8kDhkUmNBfPzF06Y\u00267/N=OoQIve0VmCZRCFxe2J\u0026fhbC=AWLj3jkHsVMJss9WCfnJQ8/p95nikmnB+8N/w9nMRNn/+0nvIT0shoFjoC/ZgFOsTCKFqkecUUOkuK1OJUza3RrSzTwj+hDWAn20vRxdE7XI6j4KEqciwNVZ1pUlxHsmZV/Sk=\u0026crc=e3a6",
          "RespProtocol": "",
          "RespHeader": {
            "Connection": "keep-alive",
            "Content-Length": "0",
            "Content-Type": "text/html; charset=UTF-8",
            "Server": "nginx",
            "Strict-Transport-Security": "max-age=31536000; includeSubdomains;",
            "X-Content-Type-Options": "nosniff",
            "X-Frame-Options": "DENY",
            "X-Powered-By": "PHP/5.6.40",
            "X-XSS-Protection": "1; mode=block"
          },
          "RespBody": "",
          "RespBodyPattern": "",
          "HeaderLen": "10",
          "StatusCode": 200
        }
      }
    }
  },
  {
    "enable": true,
    "data": "2023-03-01",
    "author": "zyh",
    "type": 1,
    "c2Flag": 0,
    "c2Name": "C2_None",
    "judge": [
      {
        "statusCode": 302,
        "responseStatus": "",
        "protocolName": "",
        "contentLength": [
          0
        ],
        "respHeader": {
          "Content-Type": "text/html; charset=utf-8",
          "Location": "/login",
          "Server": "nginx/1.21.4",
          "Access-Control-Allow-Headers": "authorization,content-type"
        },
        "respBodySHA256": [],
        "respHeaderLen": "",
        "ResponseTitle": "",
        "respBodyText": "",
        "Tls": {}
      }
    ],
    "deep": {
      "c2Flag": 0,
      "c2Name": "C2_None",
      "checkBeacon": {},
      "RequestMethod": "GET",
      "checkType": 1,
      "finally": {
        "c2Flag": 208,
        "c2Name": "C2_MYTHIC_DEFAULT",
        "checkTls": {},
        "check": {
          "Url": [
            "new/login"
          ],
          "Key": [],
          "ReqHeader": {},
          "ReqBody": "",
          "RespProtocol": "",
          "RespHeader": {
            "Accept-Ranges": "bytes",
            "Connection": "keep-alive",
            "Content-Length": "585",
            "Content-Type": "text/html",
            "ETag": "\"62b46e34-249\"",
            "Server": "nginx/1.21.4"
          },
          "RespBody": "",
          "RespBodyPattern": "",
          "HeaderLen": "8",
          "StatusCode": 200
        }
      }
    }
  },
  {
    "enable": true,
    "data": "2023-03-01",
    "author": "zyh",
    "type": 1,
    "c2Flag": 129,
    "c2Name": "C2_NPS_DASHBOARD",
    "judge": [
      {
        "statusCode": 302,
        "responseStatus": "302 Found",
        "protocolName": "",
        "contentLength": [
          35
        ],
        "respHeader": {
          "Content-Type": "text/html; charset=utf-8",
          "Location": "/login/index",
          "Server": "beegoServer:1.12.0",
          "Set-Cookie": "beegosessionID"
        },
        "respBodySHA256": [
          "3db7c9c74a7d65b9a67ad77305e9979760440fb5a1c8767bfb5a79fc222c0377"
        ],
        "respHeaderLen": "6",
        "ResponseTitle": "",
        "respBodyText": "",
        "Tls": {}
      }
    ],
    "deep": {
      "c2Flag": 0,
      "c2Name": "C2_None",
      "checkBeacon": {},
      "RequestMethod": "POST",
      "checkType": 0,
      "finally": {
        "c2Flag": 0,
        "c2Name": "C2_None",
        "checkTls": {},
        "check": {}
      }
    }
  },
  {
    "enable": true,
    "data": "2023-03-01",
    "author": "zyh",
    "type": 2,
    "c2Flag": 28,
    "c2Name": "C2_CS_OCEANLOTUS_ELIGIBLECELLS",
    "judge": [
      {
        "statusCode": 200,
        "responseStatus": "",
        "protocolName": "",
        "contentLength": [
          446
        ],
        "respHeader": {
          "Accept-Ranges": "bytes",
          "Content-Type": "text/html"
        },
        "respBodySHA256": [
          "618dacff3cdce8656dd0fcfb17e146f77fabd7c9bfa485bdff2cc70170b2764f"
        ],
        "respHeaderLen": "",
        "ResponseTitle": "",
        "respBodyText": "",
        "Tls": {}
      }
    ],
    "deep": {
      "c2Flag": 0,
      "c2Name": "C2_None",
      "checkBeacon": {},
      "RequestMethod": "GET",
      "checkType": 1,
      "finally": {
        "c2Flag": 30,
        "c2Name": "C2_CS_OCEANLOTUS_20220423_BEACON",
        "checkTls": {},
        "check": {
          "Url": [
            "statistic/finishtask?siteid=02000\u0026tid=4872",
            "statistic/finishtask?siteid=02000\u0026tid=4872"
          ],
          "Key": [],
          "ReqHeader": {
            "Accept": "*/*",
            "Accept-Encoding": "deflate",
            "Accept-Language": "en-US,en;q=0.5",
            "Cookie": "QZ08899670=",
            "Host": "api.tdp.u7u9.com",
            "User-Agent": "Mozilla/5.0 (Windows NT 6.1; WOW64; rv:45.0) Gecko/20100101 Firefox/45.0"
          },
          "ReqBody": "",
          "RespProtocol": "",
          "RespHeader": {
            "Content-Length": "283"
          },
          "RespBody": "",
          "RespBodyPattern": "",
          "HeaderLen": "3",
          "StatusCode": 200
        }
      }
    }
  },
  {
    "enable": true,
    "data": "2023-03-01",
    "author": "zyh",
    "type": 2,
    "c2Flag": 28,
    "c2Name": "C2_CS_OCEANLOTUS_ELIGIBLECELLS",
    "judge": [
      {
        "statusCode": 200,
        "responseStatus": "",
        "protocolName": "",
        "contentLength": [
          446
        ],
        "respHeader": {
          "Accept-Ranges": "bytes",
          "Content-Type": "text/html"
        },
        "respBodySHA256": [
          "618dacff3cdce8656dd0fcfb17e146f77fabd7c9bfa485bdff2cc70170b2764f"
        ],
        "respHeaderLen": "",
        "ResponseTitle": "",
        "respBodyText": "",
        "Tls": {}
      }
    ],
    "deep": {
      "c2Flag": 0,
      "c2Name": "C2_None",
      "checkBeacon": {},
      "RequestMethod": "GET",
      "checkType": 1,
      "finally": {
        "c2Flag": 29,
        "c2Name": "C2_CS_OCEANLOTUS_20220620_BEACON",
        "checkTls": {},
        "check": {
          "Url": [
            "viwwwsogou?op=6\u0026query=%E7%A7%8F%E5%BB%BA%09%E9%BE%90%E3%B2%A6",
            "viwwwsogou?op=6\u0026query=%E7%A7%8F%E5%BB%BA%09%E9%BE%90%E3%B2%A6"
          ],
          "Key": [],
          "ReqHeader": {
            "Accept": "*/*",
            "Accept-Encoding": "gzip, deflate, br",
            "Accept-Language": "en-US,en;q=0.5",
            "Cookie": "JSESSIONID=",
            "Host": "www.sogou.com",
            "User-Agent": "Mozilla/5.0 (Windows NT 6.1; WOW64; rv:50.0) Gecko/20100101 Firefox/50.0"
          },
          "ReqBody": "",
          "RespProtocol": "",
          "RespHeader": {
            "Content-Length": "631"
          },
          "RespBody": "",
          "RespBodyPattern": "",
          "HeaderLen": "3",
          "StatusCode": 200
        }
      }
    }
  },
  {
    "enable": true,
    "data": "2023-03-01",
    "author": "zyh",
    "type": 2,
    "c2Flag": 28,
    "c2Name": "C2_CS_OCEANLOTUS_ELIGIBLECELLS",
    "judge": [
      {
        "statusCode": 200,
        "responseStatus": "",
        "protocolName": "",
        "contentLength": [
          446
        ],
        "respHeader": {
          "Accept-Ranges": "bytes",
          "Content-Type": "text/html"
        },
        "respBodySHA256": [
          "618dacff3cdce8656dd0fcfb17e146f77fabd7c9bfa485bdff2cc70170b2764f"
        ],
        "respHeaderLen": "",
        "ResponseTitle": "",
        "respBodyText": "",
        "Tls": {}
      }
    ],
    "deep": {
      "c2Flag": 0,
      "c2Name": "C2_None",
      "checkBeacon": {},
      "RequestMethod": "GET",
      "checkType": 1,
      "finally": {
        "c2Flag": 25,
        "c2Name": "C2_CS_OCEANLOTUS_20220718",
        "checkTls": {},
        "check": {
          "Url": [
            "statistic/finishtask?siteid=20000\u0026tid=9112"
          ],
          "Key": [],
          "ReqHeader": {
            "Accept": "*/*",
            "Accept-Encoding": "deflate",
            "Accept-Language": "en-US,en;q=0.5",
            "Cookie": "MN92885285=",
            "Host": "api.tdp.u7u9.com",
            "User-Agent": "Mozilla/5.0 (Windows NT 10.0) AppleWebKit/537.36 (KHTML, like Gecko) Chrome/54.0.2840.99 Safari/537.36"
          },
          "ReqBody": "",
          "RespProtocol": "",
          "RespHeader": {
            "Content-Length": "283"
          },
          "RespBody": "",
          "RespBodyPattern": "",
          "HeaderLen": "3",
          "StatusCode": 200
        }
      }
    }
  },
  {
    "enable": true,
    "data": "2023-03-01",
    "author": "zyh",
    "type": 2,
    "c2Flag": 28,
    "c2Name": "C2_CS_OCEANLOTUS_ELIGIBLECELLS",
    "judge": [
      {
        "statusCode": 200,
        "responseStatus": "",
        "protocolName": "",
        "contentLength": [
          446
        ],
        "respHeader": {
          "Accept-Ranges": "bytes",
          "Content-Type": "text/html"
        },
        "respBodySHA256": [
          "618dacff3cdce8656dd0fcfb17e146f77fabd7c9bfa485bdff2cc70170b2764f"
        ],
        "respHeaderLen": "",
        "ResponseTitle": "",
        "respBodyText": "",
        "Tls": {}
      }
    ],
    "deep": {
      "c2Flag": 0,
      "c2Name": "C2_None",
      "checkBeacon": {},
      "RequestMethod": "GET",
      "checkType": 1,
      "finally": {
        "c2Flag": 24,
        "c2Name": "C2_CS_OCEANLOTUS",
        "checkTls": {},
        "check": {
          "Url": [
            "s?ie=utf-8\u0026tn=baidu\u0026rsv_pq=vepmbtt4yo7dk172\u0026rqlang=cn\u0026rsv_t="
          ],
          "Key": [],
          "ReqHeader": {
            "Accept": "text/html,application/xhtml+xml,application/xml;q=0.9,*/*;q=0.8",
            "Accept-Language": "en-US,en;q=0.5",
            "Host": "www.baidu.com",
            "User-Agent": "Mozilla/5.0 (Windows NT 10.0; Win64; x64) AppleWebKit/537.36 (KHTML, like Gecko) Chrome/54.0.2840.99 Safari/537.36"
          },
          "ReqBody": "",
          "RespProtocol": "",
          "RespHeader": {
            "Content-Length": "625"
          },
          "RespBody": "",
          "RespBodyPattern": "",
          "HeaderLen": "3",
          "StatusCode": 200
        }
      }
    }
  },
  {
    "enable": true,
    "data": "2023-03-01",
    "author": "zyh",
    "type": 2,
    "c2Flag": 31,
    "c2Name": "C2_CS_OCEANLOTUS_202210_WEB",
    "judge": [
      {
        "statusCode": 200,
        "responseStatus": "",
        "protocolName": "",
        "contentLength": [
          549
        ],
        "respHeader": {
          "Accept-Ranges": "bytes",
          "Content-Type": "text/html; charset=UTF-8"
        },
        "respBodySHA256": [
          "e7c0f156512040eedc447534ec66af8236c063192edad08020e4f4c81162c82d"
        ],
        "respHeaderLen": "",
        "ResponseTitle": "",
        "respBodyText": "",
        "Tls": {}
      }
    ],
    "deep": {
      "c2Flag": 0,
      "c2Name": "C2_None",
      "checkBeacon": {},
      "RequestMethod": "POST",
      "checkType": 0,
      "finally": {
      }
    }
  },
  {
    "enable": true,
    "data": "2023-03-01",
    "author": "zyh",
    "type": 2,
    "c2Flag": 26,
    "c2Name": "C2_CS_OCEANLOTUS_20211128_DEFAULT",
    "judge": [
      {
        "statusCode": 200,
        "responseStatus": "",
        "protocolName": "",
        "contentLength": [
          431
        ],
        "respHeader": {
          "Accept-Ranges": "bytes",
          "Content-Type": "text/html; charset=UTF-8"
        },
        "respBodySHA256": [
          "1b919a98f04214a300153c53ab1e1ca468f56b699e6b2bb55567d1285a40fafb"
        ],
        "respHeaderLen": "",
        "ResponseTitle": "",
        "respBodyText": "",
        "Tls": {}
      }
    ],
    "deep": {
      "c2Flag": 0,
      "c2Name": "C2_None",
      "checkBeacon": {},
      "RequestMethod": "GET",
      "checkType": 1,
      "finally": {
        "c2Flag": 30,
        "c2Name": "C2_CS_OCEANLOTUS_20220423_BEACON",
        "checkTls": {},
        "check": {
          "Url": [
            "statistic/finishtask?siteid=02000\u0026tid=4872",
            "statistic/finishtask?siteid=02000\u0026tid=4872"
          ],
          "Key": [],
          "ReqHeader": {
            "Accept": "*/*",
            "Accept-Encoding": "deflate",
            "Accept-Language": "en-US,en;q=0.5",
            "Cookie": "QZ08899670=",
            "Host": "api.tdp.u7u9.com",
            "User-Agent": "Mozilla/5.0 (Windows NT 6.1; WOW64; rv:45.0) Gecko/20100101 Firefox/45.0"
          },
          "ReqBody": "",
          "RespProtocol": "",
          "RespHeader": {
            "Content-Length": "283"
          },
          "RespBody": "",
          "RespBodyPattern": "",
          "HeaderLen": "3",
          "StatusCode": 200
        }
      }
    }
  },
  {
    "enable": true,
    "data": "2023-03-01",
    "author": "zyh",
    "type": 2,
    "c2Flag": 26,
    "c2Name": "C2_CS_OCEANLOTUS_20211128_DEFAULT",
    "judge": [
      {
        "statusCode": 200,
        "responseStatus": "",
        "protocolName": "",
        "contentLength": [
          431
        ],
        "respHeader": {
          "Accept-Ranges": "bytes",
          "Content-Type": "text/html; charset=UTF-8"
        },
        "respBodySHA256": [
          "1b919a98f04214a300153c53ab1e1ca468f56b699e6b2bb55567d1285a40fafb"
        ],
        "respHeaderLen": "",
        "ResponseTitle": "",
        "respBodyText": "",
        "Tls": {}
      }
    ],
    "deep": {
      "c2Flag": 0,
      "c2Name": "C2_None",
      "checkBeacon": {},
      "RequestMethod": "GET",
      "checkType": 1,
      "finally": {
        "c2Flag": 29,
        "c2Name": "C2_CS_OCEANLOTUS_20220620_BEACON",
        "checkTls": {},
        "check": {
          "Url": [
            "viwwwsogou?op=6\u0026query=%E7%A7%8F%E5%BB%BA%09%E9%BE%90%E3%B2%A6",
            "viwwwsogou?op=6\u0026query=%E7%A7%8F%E5%BB%BA%09%E9%BE%90%E3%B2%A6"
          ],
          "Key": [],
          "ReqHeader": {
            "Accept": "*/*",
            "Accept-Encoding": "gzip, deflate, br",
            "Accept-Language": "en-US,en;q=0.5",
            "Cookie": "JSESSIONID=",
            "Host": "www.sogou.com",
            "User-Agent": "Mozilla/5.0 (Windows NT 6.1; WOW64; rv:50.0) Gecko/20100101 Firefox/50.0"
          },
          "ReqBody": "",
          "RespProtocol": "",
          "RespHeader": {
            "Content-Length": "631"
          },
          "RespBody": "",
          "RespBodyPattern": "",
          "HeaderLen": "3",
          "StatusCode": 200
        }
      }
    }
  },
  {
    "enable": true,
    "data": "2023-03-01",
    "author": "zyh",
    "type": 2,
    "c2Flag": 26,
    "c2Name": "C2_CS_OCEANLOTUS_20211128_DEFAULT",
    "judge": [
      {
        "statusCode": 200,
        "responseStatus": "",
        "protocolName": "",
        "contentLength": [
          431
        ],
        "respHeader": {
          "Accept-Ranges": "bytes",
          "Content-Type": "text/html; charset=UTF-8"
        },
        "respBodySHA256": [
          "1b919a98f04214a300153c53ab1e1ca468f56b699e6b2bb55567d1285a40fafb"
        ],
        "respHeaderLen": "",
        "ResponseTitle": "",
        "respBodyText": "",
        "Tls": {}
      }
    ],
    "deep": {
      "c2Flag": 0,
      "c2Name": "C2_None",
      "checkBeacon": {},
      "RequestMethod": "GET",
      "checkType": 1,
      "finally": {
        "c2Flag": 25,
        "c2Name": "C2_CS_OCEANLOTUS_20220718",
        "checkTls": {},
        "check": {
          "Url": [
            "statistic/finishtask?siteid=20000\u0026tid=9112"
          ],
          "Key": [],
          "ReqHeader": {
            "Accept": "*/*",
            "Accept-Encoding": "deflate",
            "Accept-Language": "en-US,en;q=0.5",
            "Cookie": "MN92885285=",
            "Host": "api.tdp.u7u9.com",
            "User-Agent": "Mozilla/5.0 (Windows NT 10.0) AppleWebKit/537.36 (KHTML, like Gecko) Chrome/54.0.2840.99 Safari/537.36"
          },
          "ReqBody": "",
          "RespProtocol": "",
          "RespHeader": {
            "Content-Length": "283"
          },
          "RespBody": "",
          "RespBodyPattern": "",
          "HeaderLen": "3",
          "StatusCode": 200
        }
      }
    }
  },
  {
    "enable": true,
    "data": "2023-03-01",
    "author": "zyh",
    "type": 2,
    "c2Flag": 26,
    "c2Name": "C2_CS_OCEANLOTUS_20211128_DEFAULT",
    "judge": [
      {
        "statusCode": 200,
        "responseStatus": "",
        "protocolName": "",
        "contentLength": [
          431
        ],
        "respHeader": {
          "Accept-Ranges": "bytes",
          "Content-Type": "text/html; charset=UTF-8"
        },
        "respBodySHA256": [
          "1b919a98f04214a300153c53ab1e1ca468f56b699e6b2bb55567d1285a40fafb"
        ],
        "respHeaderLen": "",
        "ResponseTitle": "",
        "respBodyText": "",
        "Tls": {}
      }
    ],
    "deep": {
      "c2Flag": 0,
      "c2Name": "C2_None",
      "checkBeacon": {},
      "RequestMethod": "GET",
      "checkType": 1,
      "finally": {
        "c2Flag": 24,
        "c2Name": "C2_CS_OCEANLOTUS",
        "checkTls": {},
        "check": {
          "Url": [
            "s?ie=utf-8\u0026tn=baidu\u0026rsv_pq=vepmbtt4yo7dk172\u0026rqlang=cn\u0026rsv_t="
          ],
          "Key": [],
          "ReqHeader": {
            "Accept": "text/html,application/xhtml+xml,application/xml;q=0.9,*/*;q=0.8",
            "Accept-Language": "en-US,en;q=0.5",
            "Host": "www.baidu.com",
            "User-Agent": "Mozilla/5.0 (Windows NT 10.0; Win64; x64) AppleWebKit/537.36 (KHTML, like Gecko) Chrome/54.0.2840.99 Safari/537.36"
          },
          "ReqBody": "",
          "RespProtocol": "",
          "RespHeader": {
            "Content-Length": "625"
          },
          "RespBody": "",
          "RespBodyPattern": "",
          "HeaderLen": "3",
          "StatusCode": 200
        }
      }
    }
  },
  {
    "enable": true,
    "data": "2023-03-01",
    "author": "zyh",
    "type": 2,
    "c2Flag": 0,
    "c2Name": "C2_None",
    "judge": [
      {
        "statusCode": 404,
        "responseStatus": "404 Not Found",
        "protocolName": "HTTP/1.1",
        "contentLength": [
          0
        ],
        "respHeader": {
          "content-type": "text/plain",
          "Server": "Apache",
          "Connection": "Keep-Alive",
          "Keep-Alive": "timeout=10, max=100"
        },
        "respBodySHA256": [
        ],
        "respHeaderLen": "",
        "ResponseTitle": "",
        "respBodyText": "",
        "Tls": {}
      }
    ],
    "deep": {
      "c2Flag": 17,
      "c2Name": "C2_CS_BEACON_JQUERY",
      "checkBeacon": {
        "Url": [
          "fw6I",
          "Qa5v"
        ],
        "Key": [
          774778414,
          1768515945
        ],
        "ReqHeader": {},
        "ReqBody": "",
        "RespProtocol": "",
        "RespHeader": {},
        "RespBody": "",
        "RespBodyPattern": "",
        "HeaderLen": "",
        "StatusCode": -1
      },
      "RequestMethod": "GET",
      "checkType": 0,
      "finally": {
        "c2Flag": 0,
        "c2Name": "C2_None",
        "checkTls": {},
        "check": {}
      }
    }
  },
  {
    "enable": true,
    "data": "2023-03-01",
    "author": "zyh",
    "type": 2,
    "c2Flag": 0,
    "c2Name": "C2_None",
    "judge": [
      {
        "statusCode": 404,
        "responseStatus": "",
        "protocolName": "",
        "contentLength": [
          0
        ],
        "respHeader": {
          "Server": "Lego Server"
        },
        "respBodySHA256": [
        ],
        "respHeaderLen": "",
        "ResponseTitle": "",
        "respBodyText": "",
        "Tls": {}
      },
      {
        "statusCode": 404,
        "responseStatus": "",
        "protocolName": "",
        "contentLength": [
          0
        ],
        "respHeader": {
          "Server": "SLT"
        },
        "respBodySHA256": [
        ],
        "respHeaderLen": "",
        "ResponseTitle": "",
        "respBodyText": "",
        "Tls": {}
      }
    ],
    "deep": {
      "c2Flag": 0,
      "c2Name": "C2_None",
      "checkBeacon": {},
      "RequestMethod": "GET",
      "checkType": 0,
      "finally": {
        "c2Flag": 21,
        "c2Name": "C2_CS_360",
        "checkTls": {},
        "check": {
          "Url": [
            "c/msdownload/update/others/2021/10/29136388_"
          ],
          "Key": [],
          "ReqHeader": {
            "Accept": "*/*",
            "Host": "docs.microsoft.com",
            "User-Agent": "Windows-Update-Agent/10.0.10011.16384 Client-Protocol/2.31"
          },
          "ReqBody": "",
          "RespProtocol": "",
          "RespHeader": {
            "Content-Length": "0",
            "Content-Type": "application/vnd.ms-cab-compressed",
            "Server": "nginx/1.20.2"
          },
          "RespBody": "",
          "RespBodyPattern": "",
          "HeaderLen": "",
          "StatusCode": 200
        }
      }
    }
  },
  {
    "enable": true,
    "data": "2023-03-01",
    "author": "zyh",
    "type": 2,
    "c2Flag": 0,
    "c2Name": "C2_None",
    "judge": [
      {
        "statusCode": 404,
        "responseStatus": "",
        "protocolName": "",
        "contentLength": [
          19
        ],
        "respHeader": {
          "Content-Type": "text/plain; charset=utf-8",
          "X-Content-Type-Options": "nosniff"
        },
        "respBodySHA256": [
        ],
        "respHeaderLen": "",
        "ResponseTitle": "",
        "respBodyText": "404 page not found\n",
        "Tls": {}
      }
    ],
    "deep": {
      "c2Flag": 0,
      "c2Name": "C2_None",
      "checkBeacon": {},
      "RequestMethod": "GET",
      "checkType": 0,
      "finally": {
        "c2Flag": 176,
        "c2Name": "C2_PANTEGANA_DEFAULT",
        "checkTls": {},
        "check": {
          "Url": [
            "cmdoutput"
          ],
          "Key": [],
          "ReqHeader": {},
          "ReqBody": "",
          "RespProtocol": "",
          "RespHeader": {
            "Content-Length": "0"
          },
          "RespBody": "",
          "RespBodyPattern": "",
          "HeaderLen": "2",
          "StatusCode": 200
        }
      }
    }
  },
  {
    "enable": true,
    "data": "2023-03-01",
    "author": "zyh",
    "type": 2,
    "c2Flag": 0,
    "c2Name": "C2_None",
    "judge": [
      {
        "statusCode": 200,
        "responseStatus": "",
        "protocolName": "",
        "contentLength": [
          44
        ],
        "respHeader": {
          "Server": "Apache"
        },
        "respBodySHA256": [],
        "respHeaderLen": "",
        "ResponseTitle": "",
        "respBodyText": "<html><body><h1>It works!</h1></body></html>",
        "Tls": {}
      }
    ],
    "deep": {
      "c2Flag": 0,
      "c2Name": "C2_None",
      "checkBeacon": {},
      "RequestMethod": "GET",
      "checkType": 0,
      "finally": {
        "c2Flag": 192,
        "c2Name": "C2_MSF_DEFAULT",
        "checkTls": {},
        "check": {
          "Url": [
            "2jjd7VgJVdKDI4Ih4eB63gTcZqdcCuq-35nmN8xhwTM8_uHq3BUqs9Zb_nf_C7AzNzvltmRoSf6-WRNz-/"
          ],
          "Key": [],
          "ReqHeader": {},
          "ReqBody": "",
          "RespProtocol": "",
          "RespHeader": {
            "Server": "Apache"
          },
          "RespBody": "",
          "RespBodyPattern": "",
          "HeaderLen": "2",
          "StatusCode": 200
        }
      }
    }
  },
  {
    "enable": true,
    "data": "2023-03-01",
    "author": "zyh",
    "type": 2,
    "c2Flag": 80,
    "c2Name": "C2_ALAN_FRAMEWORK_DEFAULT",
    "judge": [
      {
        "statusCode": 404,
        "responseStatus": "404 Not Found",
        "protocolName": "",
        "contentLength": [],
        "respHeader": {
          "Server": "nginx/1.21.2"
        },
        "respBodySHA256": [],
        "respHeaderLen": "",
        "ResponseTitle": "",
        "respBodyText": "c;nginx/1.14.0 (Ubuntu)",
        "Tls": {}
      }
    ],
    "deep": {
      "c2Flag": 0,
      "c2Name": "C2_None",
      "checkBeacon": {},
      "RequestMethod": "POST",
      "checkType": 0,
      "finally": {
        "c2Flag": 0,
        "c2Name": "C2_None",
        "checkTls": {},
        "check": {}
      }
    }
  },
  {
    "enable": true,
    "data": "2023-03-01",
    "author": "zyh",
    "type": 2,
    "c2Flag": 96,
    "c2Name": "C2_SOCGHOLISH_DEFAULT",
    "judge": [
      {
        "StatusCode": -1,
        "responseStatus": "",
        "protocolName": "",
        "contentLength": [],
        "respHeader": {
        },
        "respBodySHA256": [],
        "respHeaderLen": "",
        "ResponseTitle": "",
        "respBodyText": "c;cmVmZXJyZXI=",
        "Tls": {}
      }
    ],
    "deep": {
      "c2Flag": 0,
      "c2Name": "C2_None",
      "checkBeacon": {},
      "RequestMethod": "POST",
      "checkType": 0,
      "finally": {
        "c2Flag": 0,
        "c2Name": "C2_None",
        "checkTls": {},
        "check": {}
      }
    }
  },
  {
    "enable": true,
    "data": "2023-03-01",
    "author": "zyh",
    "type": 2,
    "c2Flag": 64,
    "c2Name": "C2_SLIVER_DEFAULT",
    "judge": [
      {
        "statusCode": 404,
        "responseStatus": "404 Not Found",
        "protocolName": "HTTP/1.1",
        "contentLength": [
          0
        ],
        "respHeader": {
          "Cache-Control": "no-store, no-cache, must-revalidate"
        },
        "respBodySHA256": [],
        "respHeaderLen": "3",
        "ResponseTitle": "",
        "respBodyText": "",
        "Tls": {}
      }
    ],
    "deep": {
      "c2Flag": 0,
      "c2Name": "C2_None",
      "checkBeacon": {},
      "RequestMethod": "POST",
      "checkType": 0,
      "finally": {
        "c2Flag": 0,
        "c2Name": "C2_None",
        "checkTls": {},
        "check": {}
      }
    }
  },
  {
    "enable": true,
    "data": "2023-03-01",
    "author": "zyh",
    "type": 2,
    "c2Flag": 113,
    "c2Name": "C2_FRP_DASHBOARD",
    "judge": [
      {
        "statusCode": 401,
        "responseStatus": "401 Unauthorized",
        "protocolName": "",
        "contentLength": [
          13
        ],
        "respHeader": {
          "Content-Type": "text/plain; charset=utf-8",
          "X-Content-Type-Options": "nosniff",
          "Www-Authenticate": "Basic realm=\"Restricted\""
        },
        "respBodySHA256": [],
        "respHeaderLen": "5",
        "ResponseTitle": "",
        "respBodyText": "Unauthorized\n",
        "Tls": {}
      }
    ],
    "deep": {
      "c2Flag": 0,
      "c2Name": "C2_None",
      "checkBeacon": {},
      "RequestMethod": "POST",
      "checkType": 0,
      "finally": {
        "c2Flag": 0,
        "c2Name": "C2_None",
        "checkTls": {},
        "check": {}
      }
    }
  },
  {
    "enable": true,
    "data": "2023-03-01",
    "author": "zyh",
    "type": 2,
    "c2Flag": 130,
    "c2Name": "C2_NPS_OPEN",
    "judge": [
      {
        "statusCode": 404,
        "responseStatus": "404 Not Found",
        "protocolName": "",
        "contentLength": [],
        "respHeader": {
        },
        "respBodySHA256": [
          "f5edcc67e5cc08ee1d74e22099d2a3829573063c40d852ad480241443fe4522c"
        ],
        "respHeaderLen": "0",
        "ResponseTitle": "",
        "respBodyText": "",
        "Tls": {}
      }
    ],
    "deep": {
      "c2Flag": 0,
      "c2Name": "C2_None",
      "checkBeacon": {},
      "RequestMethod": "POST",
      "checkType": 0,
      "finally": {
        "c2Flag": 0,
        "c2Name": "C2_None",
        "checkTls": {},
        "check": {}
      }
    }
  },
  {
    "enable": true,
    "data": "2023-03-01",
    "author": "zyh",
    "type": 2,
    "c2Flag": 160,
    "c2Name": "C2_EMP3R0R_DDEFAULT",
    "judge": [
      {
        "statusCode": 404,
        "responseStatus": "404 Not Found",
        "protocolName": "HTTP/2",
        "contentLength": [
          19
        ],
        "respHeader": {
          "Content-Type": "text/plain; charset=utf-8",
          "X-Content-Type-Options": "nosniff"
        },
        "respBodySHA256": [],
        "respHeaderLen": "4",
        "ResponseTitle": "",
        "respBodyText": "404 page not found\n",
        "Tls": {}
      }
    ],
    "deep": {
      "c2Flag": 0,
      "c2Name": "C2_None",
      "checkBeacon": {},
      "RequestMethod": "POST",
      "checkType": 0,
      "finally": {
        "c2Flag": 0,
        "c2Name": "C2_None",
        "checkTls": {},
        "check": {}
      }
    }
  },
  {
    "enable": true,
    "data": "2023-03-01",
    "author": "zyh",
    "type": 2,
    "c2Flag": 130,
    "c2Name": "C2_NPS_OPEN",
    "judge": [
      {
        "statusCode": 404,
        "responseStatus": "404 Not Found",
        "protocolName": "",
        "contentLength": [],
        "respHeader": {
        },
        "respBodySHA256": [
          "f5edcc67e5cc08ee1d74e22099d2a3829573063c40d852ad480241443fe4522c"
        ],
        "respHeaderLen": "0",
        "ResponseTitle": "",
        "respBodyText": "",
        "Tls": {}
      }
    ],
    "deep": {
      "c2Flag": 0,
      "c2Name": "C2_None",
      "checkBeacon": {},
      "RequestMethod": "POST",
      "checkType": 0,
      "finally": {
        "c2Flag": 0,
        "c2Name": "C2_None",
        "checkTls": {},
        "check": {}
      }
    }
  },
  {
    "enable": true,
    "data": "2023-03-01",
    "author": "zyh",
    "type": 2,
    "c2Flag": 224,
    "c2Name": "C2_EMPIRE_DEFAULT",
    "judge": [
      {
        "statusCode": 200,
        "responseStatus": "",
        "protocolName": "",
        "contentLength": [
          836
        ],
        "respHeader": {
          "Content-Type": "text/html; charset=utf-8",
          "Server": "Microsoft-IIS/7.5",
          "Cache-Control": "no-cache, no-store, must-revalidate",
          "Pragma": "no-cache",
          "Expires": "0"
        },
        "respBodySHA256": [],
        "respHeaderLen": "",
        "ResponseTitle": "",
        "respBodyText": "",
        "Tls": {}
      }
    ],
    "deep": {
      "c2Flag": 0,
      "c2Name": "C2_None",
      "checkBeacon": {},
      "RequestMethod": "GET",
      "checkType": 1,
      "finally": {
        "c2Flag": 225,
        "c2Name": "C2_EMPIRE_HTTP",
        "checkTls": {},
        "check": {
          "Url": [
            "news.php"
          ],
          "Key": [],
          "ReqHeader": {},
          "ReqBody": "",
          "RespProtocol": "",
          "RespHeader": {
            "Cache-Control": "no-cache, no-store, must-revalidate",
            "Connection": "keep-alive",
            "Content-Type": "text/html; charset=utf-8",
            "Expires": "0",
            "Pragma": "no-cache",
            "Server": "Microsoft-IIS/7.5"
          },
          "RespBody": "",
          "RespBodyPattern": "",
          "HeaderLen": "7",
          "StatusCode": 404
        }
      }
    }
  },
  {
    "enable": true,
    "data": "2023-03-01",
    "author": "zyh",
    "type": 2,
    "c2Flag": 240,
    "c2Name": "C2_BRC4_DEFAULT",
    "judge": [
      {
        "statusCode": 200,
        "responseStatus": "",
        "protocolName": "",
        "contentLength": [
          18
        ],
        "respHeader": {
          "Content-Type": "text/plain; charset=utf-8"
        },
        "respBodySHA256": [],
        "respHeaderLen": "",
        "ResponseTitle": "",
        "respBodyText": "404 file not found",
        "Tls": {}
      }
    ],
    "deep": {
      "c2Flag": 0,
      "c2Name": "C2_None",
      "checkBeacon": {},
      "RequestMethod": "POST",
      "checkType": 0,
      "finally": {
        "c2Flag": 0,
        "c2Name": "C2_None",
        "checkTls": {},
        "check": {}
      }
    }
  },
  {
    "enable": true,
    "data": "2023-03-01",
    "author": "zyh",
    "type": 2,
    "c2Flag": 0,
    "c2Name": "C2_None",
    "judge": [
      {
        "statusCode": 302,
        "responseStatus": "",
        "protocolName": "",
        "contentLength": [
          18
        ],
        "respHeader": {
          "Server": "nginx",
          "Content-Type": "text/html; charset=UTF-8",
          "Location": "/index.php/s/dashboard",
          "Set-Cookie": "!="
        },
        "respBodySHA256": [],
        "respHeaderLen": "",
        "ResponseTitle": "",
        "respBodyText": "",
        "Tls": {}
      }
    ],
    "deep": {
      "c2Flag": 0,
      "c2Name": "C2_None",
      "checkBeacon": {},
      "RequestMethod": "POST",
      "checkType": 2,
      "finally": {
        "c2Flag": 304,
        "c2Name": "C2_PATCHWORK_202209",
        "checkTls": {},
        "check": {
          "Url": [
            "e3e7e71a0b28b5e96cc492e636722f73/4sVKAOvu3D/BDyot0NxyG.php"
          ],
          "Key": [],
          "ReqHeader": {
            "Accept": "application/x-www-form-urlencoded",
            "Cache-Control": "no-cache",
            "Content-Length": "202",
            "Content-Type": "application/x-www-form-urlencoded",
            "User-Agent": "Mozilla/5.0 (Windows NT 6.1; WOW64; rv:44.0) Gecko/20100101 "
          },
          "ReqBody": "/sQ=YLaCTHRnqx8kDhkUmNBfPzF06Y\u00267/N=OoQIve0VmCZRCFxe2J\u0026fhbC=AWLj3jkHsVMJss9WCfnJQ8/p95nikmnB+8N/w9nMRNn/+0nvIT0shoFjoC/ZgFOsTCKFqkecUUOkuK1OJUza3RrSzTwj+hDWAn20vRxdE7XI6j4KEqciwNVZ1pUlxHsmZV/Sk=\u0026crc=e3a6",
          "RespProtocol": "",
          "RespHeader": {
            "Connection": "keep-alive",
            "Content-Length": "0",
            "Content-Type": "text/html; charset=UTF-8",
            "Server": "nginx",
            "Strict-Transport-Security": "max-age=31536000; includeSubdomains;",
            "X-Content-Type-Options": "nosniff",
            "X-Frame-Options": "DENY",
            "X-Powered-By": "PHP/5.6.40",
            "X-XSS-Protection": "1; mode=block"
          },
          "RespBody": "",
          "RespBodyPattern": "",
          "HeaderLen": "10",
          "StatusCode": 200
        }
      }
    }
  },
  {
    "enable": true,
    "data": "2023-03-01",
    "author": "zyh",
    "type": 2,
    "c2Flag": 0,
    "c2Name": "C2_None",
    "judge": [
      {
        "statusCode": 200,
        "responseStatus": "",
        "protocolName": "",
        "contentLength": [
          18
        ],
        "respHeader": {
          "Content-Type": "text/html",
          "Server": "Apache/2.4.41 (Ubuntu)"
        },
        "respBodySHA256": [],
        "respHeaderLen": "",
        "ResponseTitle": "",
        "respBodyText": "",
        "Tls": {}
      }
    ],
    "deep": {
      "c2Flag": 0,
      "c2Name": "C2_None",
      "checkBeacon": {},
      "RequestMethod": "POST",
      "checkType": 2,
      "finally": {
        "c2Flag": 336,
        "c2Name": "C2_SIDWINDER_WARHAWKRAT_202211",
        "checkTls": {},
        "check": {
          "Url": [
            "wh/glass.php"
          ],
          "Key": [],
          "ReqHeader": {
            "Cache-Control": "no-cache",
            "Content-Length": "53",
            "Content-Type:": "application/json",
            "User-Agent": ""
          },
          "ReqBody": "{ \"_hwid\": \"{3882a840-858a-11eb-b9e1-806e6f6e6963}\" }",
          "RespProtocol": "",
          "RespHeader": {
            "Content-Length": "1",
            "Content-Type": "text/html; charset=UTF-8"
          },
          "RespBody": "1",
          "RespBodyPattern": "",
          "HeaderLen": ">=4",
          "StatusCode": 200
        }
      }
    }
  },
  {
    "enable": true,
    "data": "2023-03-01",
    "author": "zyh",
    "type": 2,
    "c2Flag": 368,
    "c2Name": "C2_CHAOS",
    "judge": [
      {
        "statusCode": 401,
        "responseStatus": "",
        "protocolName": "",
        "contentLength": [],
        "respHeader": {
          "Www-Authenticate": "JWT realm=chaos"
        },
        "respBodySHA256": [],
        "respHeaderLen": "",
        "ResponseTitle": "",
        "respBodyText": "",
        "Tls": {}
      }
    ],
    "deep": {
      "c2Flag": 0,
      "c2Name": "C2_None",
      "checkBeacon": {},
      "RequestMethod": "POST",
      "checkType": 0,
      "finally": {
        "c2Flag": 0,
        "c2Name": "C2_None",
        "checkTls": {},
        "check": {}
      }
    }
  },
  {
    "enable": true,
    "data": "2023-03-01",
    "author": "zyh",
    "type": 2,
    "c2Flag": 400,
    "c2Name": "C2_VIPER_DEFAULT",
    "judge": [
      {
        "StatusCode": -1,
        "responseStatus": "",
        "protocolName": "",
        "contentLength": [],
        "respHeader": {},
        "respBodySHA256": [
          "0c2187f233447b2286dd3fb1e2c0d666be5d29872bad1f17291878ec5bf8b44b"
        ],
        "respHeaderLen": "",
        "ResponseTitle": "",
        "respBodyText": "",
        "Tls": {}
      }
    ],
    "deep": {
      "c2Flag": 0,
      "c2Name": "C2_None",
      "checkBeacon": {},
      "RequestMethod": "POST",
      "checkType": 0,
      "finally": {
        "c2Flag": 0,
        "c2Name": "C2_None",
        "checkTls": {},
        "check": {}
      }
    }
  },
  {
    "enable": true,
    "data": "2023-03-01",
    "author": "zyh",
    "type": 2,
    "c2Flag": 353,
    "c2Name": "C2_DONOT_202212_SUSPICIOUS",
    "judge": [
      {
        "StatusCode": -1,
        "responseStatus": "",
        "protocolName": "",
        "contentLength": [],
        "respHeader": {},
        "respBodySHA256": [],
        "respHeaderLen": "",
        "ResponseTitle": "",
        "respBodyText": "c;This Page is Blocked by Mod Security",
        "Tls": {}
      }
    ],
    "deep": {
      "c2Flag": 0,
      "c2Name": "C2_None",
      "checkBeacon": {},
      "RequestMethod": "POST",
      "checkType": 3,
      "finally": {
        "c2Flag": 352,
        "c2Name": "C2_DONOT_202212",
        "checkTls": {
          "IssuerOrganization": "Let's Encrypt",
          "IssuerCommonNames": "R3",
          "SubjectCommonNames": ""
        },
        "check": {
        }
      }
    }
  },
  {
    "enable": true,
    "data": "2023-03-01",
    "author": "zyh",
    "type": 2,
    "c2Flag": 356,
    "c2Name": "C2_DONOT_202301",
    "judge": [
      {
        "statusCode": 200,
        "responseStatus": "",
        "protocolName": "",
        "contentLength": [
          0,
          262
        ],
        "respHeader": {
          "Server": "Apache/2.4.6 (CentOS) OpenSSL/1.0.2k-fips PHP/7.0.33"
        },
        "respBodySHA256": [],
        "respHeaderLen": "",
        "ResponseTitle": "",
        "respBodyText": "",
        "Tls": {
          "IssuerOrganization": "Sectigo Limited",
          "IssuerCommonNames": "Sectigo RSA Domain Validation Secure Server CA",
          "SubjectCommonNames": "m;\\.(pics|live|shop|xyz)"
        }
      }
    ],
    "deep": {
      "c2Flag": 0,
      "c2Name": "C2_None",
      "checkBeacon": {},
      "RequestMethod": "POST",
      "checkType": 0,
      "finally": {
        "c2Flag": 0,
        "c2Name": "C2_None",
        "checkTls": {},
        "check": {}
      }
    }
  },
  {
    "enable": true,
    "data": "2023-03-01",
    "author": "zyh",
    "type": 2,
    "c2Flag": 512,
    "c2Name": "C2_LAZARUS_202302_DEFAULT",
    "judge": [
      {
        "statusCode": 404,
        "responseStatus": "404 Not Found",
        "protocolName": "",
        "contentLength": [
          0
        ],
        "respHeader": {
          "Server": "c;Apache/2.4.54 (Win64) OpenSSL/1.1.1p PHP/",
          "X-Powered-By": "c;PHP/"
        },
        "respBodySHA256": [],
        "respHeaderLen": "",
        "ResponseTitle": "",
        "respBodyText": "",
        "Tls": {
          "IssuerOrganization": "Let's Encrypt",
          "IssuerCommonNames": "R3",
          "SubjectCommonNames": ""
        }
      }
    ],
    "deep": {
      "c2Flag": 0,
      "c2Name": "C2_None",
      "checkBeacon": {},
      "RequestMethod": "POST",
      "checkType": 0,
      "finally": {
        "c2Flag": 0,
        "c2Name": "C2_None",
        "checkTls": {},
        "check": {}
      }
    }
  },
  {
    "enable": true,
    "data": "2023-03-01",
    "author": "zyh",
    "type": 2,
    "c2Flag": 355,
    "c2Name": "C2_DONOT_202208_SUSPICIOUS",
    "judge": [
      {
        "StatusCode": -1,
        "responseStatus": "",
        "protocolName": "",
        "contentLength": [],
        "respHeader": {},
        "respBodySHA256": [],
        "respHeaderLen": "",
        "ResponseTitle": "William Wallace",
        "respBodyText": "",
        "Tls": {
          "IssuerOrganization": "Let's Encrypt",
          "IssuerCommonNames": "",
          "SubjectCommonNames": ""
        }
      }
    ],
    "deep": {
      "c2Flag": 0,
      "c2Name": "C2_None",
      "checkBeacon": {},
      "RequestMethod": "POST",
      "checkType": 0,
      "finally": {
        "c2Flag": 0,
        "c2Name": "C2_None",
        "checkTls": {},
        "check": {}
      }
    }
  },
  {
    "enable": true,
    "data": "2023-03-01",
    "author": "zyh",
    "type": 2,
    "c2Flag": 354,
    "c2Name": "C2_DONOT_202208",
    "judge": [
      {
        "StatusCode": -1,
        "responseStatus": "",
        "protocolName": "",
        "contentLength": [],
        "respHeader": {},
        "respBodySHA256": [],
        "respHeaderLen": "",
        "ResponseTitle": "",
        "respBodyText": "c;: I am&#160;William Wallace",
        "Tls": {
          "IssuerOrganization": "Let's Encrypt",
          "IssuerCommonNames": "",
          "SubjectCommonNames": ""
        }
      }
    ],
    "deep": {
      "c2Flag": 0,
      "c2Name": "C2_None",
      "checkBeacon": {},
      "RequestMethod": "POST",
      "checkType": 0,
      "finally": {
        "c2Flag": 0,
        "c2Name": "C2_None",
        "checkTls": {},
        "check": {}
      }
    }
  },
  {
    "enable": true,
    "data": "2023-03-01",
    "author": "zyh",
    "type": 2,
    "c2Flag": 0,
    "c2Name": "C2_None",
    "judge": [
      {
        "statusCode": 403,
        "responseStatus": "",
        "protocolName": "",
        "contentLength": [],
        "respHeader": {
          "Server": "LiteSpeed",
          "X-Turbo-Charged-By": "LiteSpeed"
        },
        "respBodySHA256": [],
        "respHeaderLen": "",
        "ResponseTitle": "",
        "respBodyText": "",
        "Tls": {}
      }
    ],
    "deep": {
      "c2Flag": 0,
      "c2Name": "C2_None",
      "checkBeacon": {},
      "RequestMethod": "POST",
      "checkType": 2,
      "finally": {
        "c2Flag": 513,
        "c2Name": "C2_LAZARUS_202302_Server",
        "checkTls": {},
        "check": {
          "Url": [
            "nation.php"
          ],
          "Key": [],
          "ReqHeader": {
            "User-Agent": "Mozilla_33741328",
            "Content-Type": "application/x-www-form-urlencoded"
          },
          "ReqBody": "tuid=727737499&control=fconn&payload=d0xxZtY5RVygPWB%2B",
          "RespProtocol": "",
          "RespHeader": {
            "x-turbo-charged-by": "LiteSpeed",
            "server": "LiteSpeed"
          },
          "RespBody": "OK",
          "RespBodyPattern": "",
          "HeaderLen": "9",
          "StatusCode": 200
        }
      }
    }
  },
  {
    "enable": true,
    "data": "2023-03-01",
    "author": "zyh",
    "type": 3,
    "c2Flag": 0,
    "c2Name": "C2_None",
    "judge": [
      {
        "StatusCode": -1,
        "responseStatus": "",
        "protocolName": "",
        "contentLength": [],
        "respHeader": {},
        "respBodySHA256": [],
        "respHeaderLen": "",
        "ResponseTitle": "",
        "respBodyText": "",
        "Tls": {}
      }
    ],
    "deep": {
      "c2Flag": 0,
      "c2Name": "C2_None",
      "checkBeacon": {},
      "RequestMethod": "POST",
      "checkType": 2,
      "finally": {
        "c2Flag": 305,
        "c2Name": "C2_PATCHWORK_GRAT2_202211",
        "checkTls": {},
        "check": {
          "Url": [
            "jquery.js"
          ],
          "Key": [],
          "ReqHeader": {
            "Content-Length": "21",
            "Content-Type": "application/x-www-form-urlencoded",
            "User-Agent": "Mozilla/5.0 (Windows NT 10.0; Win64; x64) AppleWebKit/537.36 (KHTML, like Gecko) Chrome/66.0.3359.181 Safari/537.36"
          },
          "ReqBody": "data=N0xCRkJBITc8LS9H",
          "RespProtocol": "HTTP/1.0",
          "RespHeader": {
            "Content-type": "text/html",
            "Server": "Microsoft-HTTPAPI/2.0"
          },
          "RespBody": "",
          "RespBodyPattern": "Microsoft Ajax",
          "HeaderLen": "3",
          "StatusCode": 200
        }
      }
    }
  },
  {
    "enable": true,
    "data": "2023-03-01",
    "author": "zyh",
    "type": 2,
    "c2Flag": 0,
    "c2Name": "C2_None",
    "judge": [
      {
        "StatusCode": -1,
        "responseStatus": "",
        "protocolName": "",
        "contentLength": [],
        "respHeader": {
          "Accept-Ranges": "bytes",
          "ETag": "\"5150-5f44d7cfa7080-gzip\""
        },
        "respBodySHA256": [],
        "respHeaderLen": "",
        "ResponseTitle": "中华人民共和国外交部 邮件系统",
        "respBodyText": "",
        "Tls": {
          "IssuerOrganization": "",
          "IssuerCommonNames": "localhost",
          "SubjectCommonNames": "localhost"
        }
      }
    ],
    "deep": {
      "c2Flag": 0,
      "c2Name": "C2_None",
      "checkBeacon": {},
      "RequestMethod": "GET",
      "checkType": 1,
      "finally": {
        "c2Flag": 410,
        "c2Name": "C2_APT_C_01_202303",
        "checkTls": {},
        "check": {
          "Url": [
            "login.php"
          ],
          "Key": [],
          "ReqHeader": {
          },
          "ReqBody": "",
          "RespProtocol": "",
          "RespHeader": {
            "Server": "Apache/2.4.41 (Ubuntu)"
          },
          "RespBody": "",
          "RespBodyLen": 146,
          "RespBodyPattern": "",
          "HeaderLen": "",
          "StatusCode": 200
        }
      }
    }
  }
]
